uuid,professional_persona,sports_persona,arts_persona,travel_persona,culinary_persona,family_persona,persona,cultural_background,skills_and_expertise,skills_and_expertise_list,hobbies_and_interests,hobbies_and_interests_list,career_goals_and_ambitions,sex,age,marital_status,military_status,family_type,housing_type,education_level,bachelors_field,occupation,district,province,country
106b0ceb5b2541d0a57a70fc0aa9eaab,주정숙 씨는 여수의 한 사회복지시설 입구에서 휠체어를 미는 어르신들의 손을 덥석 잡으며 하루를 시작합니다. 막무가내로 소리를 지르는 민원인이 나타나도 그저 허허 웃으며 이야기를 끝까지 들어주다 보면 어느새 상대의 화가 가라앉는 것을 경험하는 능숙한 중재자입니다.,주정숙 씨는 해 질 녘 오동도의 완만한 산책로를 천천히 거닐며 바닷바람에 섞인 짠 내를 깊게 들이마십니다. 특별한 운동기구 없이도 매일 조금씩 걷는 습관 덕분에 예순아홉이라는 나이가 믿기지 않을 만큼 곧은 허리와 가벼운 발걸음을 유지하고 있습니다.,주정숙 씨는 거실 소파에 깊숙이 몸을 파묻고 '미스터트롯' 출연자들의 노래를 멍하니 감상하며 하루의 피로를 씻어냅니다. 가끔은 텔레비전 소리를 배경 삼아 아무 생각 없이 천장을 바라보는 정적의 시간을 통해 마음의 평온을 찾습니다.,주정숙 씨는 명절이나 휴가 때면 자녀들이 운전하는 차를 타고 전남 구례의 산수유 마을이나 담양의 메타세쿼이아 길을 찾아가 풍경을 눈에 담습니다. 화려한 관광지보다는 가족들의 재잘거림이 섞인 조용한 자연 속에서 걷는 시간을 가장 소중하게 여깁니다.,"주정숙 씨는 일주일에 네 번 이상 가족들과 함께 집 근처 식당을 찾으며, 나물 반찬이 듬뿍 나오는 보리밥 정식이나 구수한 청국장 찌개를 즐겨 먹습니다. 가끔 자녀들의 손에 이끌려 간 쌀국수 집에서 고수를 뺀 진한 소고기 국물에 면을 말아 먹으며 낯선 이국의 맛에 소소한 즐거움을 느낍니다.","주정숙 씨는 남편과는 따로 지내며 다세대 주택의 좁은 복도에서 자녀들과 부대끼며 살아가지만, 그 북적거림 속에서 외로움을 잊고 살아갑니다. 자녀들의 사소한 투정을 다 받아주면서도 가끔은 좁은 집안 꼴을 보며 깊은 한숨을 내쉬는 복합적인 애정을 품고 있습니다.","주정숙 씨는 여수의 바닷바람과 고단한 삶의 세월을 견디며 자녀들을 키워낸, 강인함과 부드러움을 동시에 지닌 60대 보안원입니다.","여수 앞바다의 짠 내와 함께 나이 들었고, 중학교 졸업 후 곧바로 생업에 뛰어들어 자식들을 키워낸 세월이 몸에 배어 있습니다. 남편과는 떨어져 지내지만, 다세대 주택의 좁은 복도에서 자녀들과 부대끼며 소박한 정을 나누는 삶의 방식을 유지하고 있습니다.","사회복지시설 경비원으로 근무하며 거동이 불편한 어르신들의 상태를 빠르게 살피고 부축하며, 까다로운 민원인의 말을 묵묵히 들어주어 상황을 유연하게 진정시킵니다.","['시설 방문객 안내 및 응대', '거동 불편자 보행 보조', '단지 내 취약 지점 순찰', '민원인 감정 완화 소통']","해 질 녘 오동도 산책길을 천천히 걷거나, 거실 소파에 기대어 TV 프로그램을 보며 멍하게 시간을 보내는 순간을 아낍니다. 가끔 자녀들이 데려가는 동네 쌀국수 집에서 진한 국물 맛을 즐기기도 합니다.","['오동도 해안가 산책', 'TV 드라마 시청', '베트남 쌀국수 맛집 방문', '동네 친구들과의 전화 수다']","직급 상승이나 큰 성취보다는 지금처럼 건강하게 출근하며, 매달 들어오는 월급으로 자녀들에게 소소한 용돈을 챙겨줄 수 있는 평범한 일상의 유지를 바랍니다.",여자,69,배우자있음,비현역,자녀와 거주 (배우자 별거),다세대주택,중학교,해당없음,건물 경비원,전라남-여수시,전라남,대한민국
b37adc16b18d4a7d8569bac2203108a3,"박예슬 씨는 테마파크 현장에서 몰려드는 인파와 예상치 못한 컴플레인을 유연하게 처리하며 하루를 보내고, 틈틈이 대기 줄의 효율을 높일 운영 기획안을 구상하는 야심을 품고 있습니다. 다만 업무 강도가 워낙 높아 퇴근길에는 완전히 방전된 상태로 멍하니 지하철에 몸을 맡기곤 합니다.",박예슬 씨는 따로 운동을 하기보다 테마파크의 넓은 부지를 하루 종일 뛰어다니며 강제적으로 활동량을 채우고 있습니다. 체력이 금방 바닥나는 편이라 휴일에는 침대와 한 몸이 되어 모바일 게임 원신의 세계를 탐험하며 에너지를 충전합니다.,박예슬 씨는 한남동의 감각적인 인테리어가 돋보이는 카페를 찾아다니며 디저트의 색감과 구도를 세심하게 사진으로 남기는 것을 즐깁니다. 시각적인 아름다움에 민감하며 모바일 게임 속 화려한 그래픽과 캐릭터 디자인을 감상하는 시간에서 예술적 만족을 느낍니다.,박예슬 씨는 친구들과 함께 지역마다 유명한 노포나 숨은 맛집 리스트를 꼼꼼히 작성해 떠나는 음식 관광에 진심입니다. 단순히 구경하는 여행보다는 그 지역에서만 맛볼 수 있는 특색 있는 메뉴를 직접 경험하고 기록하는 과정에 몰입합니다.,"박예슬 씨는 주말이면 지인들과 함께 두툼한 삼겹살에 된장찌개를 곁들인 한식당을 찾거나, 출출할 때 떡볶이와 튀김이 가득한 분식집에서 소소한 행복을 찾습니다. 배달 음식은 한 달에 한 번 정도만 시켜 먹으며 평소에는 부모님이 차려주시는 집밥의 온기를 누립니다.","박예슬 씨는 안양 만안구의 조용한 아파트에서 부모님과 함께 생활하며 정서적인 안정감을 얻고 서로를 살뜰히 챙깁니다. 가족과의 유대를 소중히 여기면서도, 한편으로는 온전히 자신만의 취향으로 채워진 독립적인 공간을 꿈꾸며 조금씩 자신만의 영역을 구축해 나갑니다.","박예슬 씨는 안양에 거주하며 테마파크 서비스직으로 근무하는 20대 후반 여성으로, 섬세한 고객 응대 능력과 외모 가꾸기, 그리고 모바일 게임이라는 확고한 취향을 가진 성실한 직장인입니다.","안양 만안구의 조용한 주거지에서 성장하며 예의와 성실함을 익혔고, 대학에서 서비스학을 전공하며 타인의 필요를 빠르게 읽어내는 감각을 키웠습니다. 부모님과 함께 거주하며 가족 간의 정서적 유대를 중요하게 여기면서도, 20대 후반으로서 자신만의 취향과 독립적인 사회적 관계를 구축하는 데 집중하고 있습니다.","테마파크의 혼잡한 현장에서 발생하는 돌발 상황에 당황하지 않고 유연하게 대처하며, 불만을 가진 방문객의 감정을 빠르게 진정시키는 능력이 탁월합니다. 다양한 연령층의 고객을 상대하며 쌓은 소통 기술 덕분에 상대방의 성향에 맞춰 대화 톤을 조절하는 데 능숙합니다.","['현장 고객 불만 즉각 해결 능력', '대규모 인파 동선 최적화 안내', '서비스 매뉴얼 기반의 유연한 응대', '다양한 연령대별 맞춤형 소통 기술']","주말이면 친구들과 성수동이나 한남동의 숨은 디저트 카페를 찾아다니며 사진을 찍고, 퇴근 후에는 침대에 누워 모바일 게임 '원신'을 플레이하며 하루의 긴장을 풉니다. 안양역 인근의 피부과나 네일숍을 정기적으로 방문해 외모를 가꾸는 시간에서 큰 정서적 만족감을 얻습니다.","['성수동 디저트 카페 투어', '모바일 게임 원신 플레이', '퍼스널 컬러 기반 메이크업 수정', '육즙 많은 두툼한 삼겹살 맛집 탐방']","단순한 현장 응대를 넘어 방문객의 전체적인 경험을 설계하는 테마파크 운영 기획자로 성장해, 대기 시간을 줄이는 효율적인 시스템을 도입하고 싶어 합니다. 다만, 업무 강도가 높은 서비스직의 특성상 때때로 찾아오는 심한 체력적 소모와 매너리즘을 극복해야 하는 과제를 안고 있습니다.",여자,28,미혼,비현역,부모와 동거,아파트,4년제 대학교,서비스,유원시설 및 테마파크 서비스원,경기-안양시 만안구,경기,대한민국
9a83ef0cf0674e168282e4c2c0350541,"김준희 씨는 무안군청 인근의 부동산 시세 흐름을 훤히 꿰뚫고 있으며, 임대 관리 대장을 1원 한 장 틀리지 않게 기록하는 꼼꼼함으로 세입자들 사이에서 신뢰가 두텁습니다. 김준희 씨는 남악신도시의 복잡한 권리 관계를 매끄럽게 조율하며 은퇴 후에도 자신의 전문적인 관리 능력을 유지하는 것에 큰 자부심을 느낍니다.",김준희 씨는 주말 오후면 무안 황토갯벌랜드의 산책로를 아내와 함께 느릿한 걸음으로 걸으며 갯벌의 풍경을 감상합니다. 김준희 씨는 가끔 동네 친구들과 배드민턴 채를 잡고 땀을 흘리며 일상의 스트레스를 털어내기도 합니다.,김준희 씨는 거실 소파에 깊숙이 파묻혀 유튜브로 임영웅이나 이찬원 같은 트로트 가수의 무대 영상을 무한 반복해서 시청합니다. 김준희 씨는 화려한 무대 의상과 애절한 꺾기 창법에 몰입하며 잠시나마 일상의 단조로움을 잊습니다.,김준희 씨는 아내의 손을 잡고 전국의 유명한 온천 지역을 찾아다니며 뜨끈한 물에 몸을 담그고 피로를 푸는 휴양 여행을 즐깁니다. 김준희 씨는 복잡한 관광지보다는 조용한 숙소에서 가족들과 도란도란 이야기를 나누는 시간을 가장 소중하게 여깁니다.,"김준희 씨는 일주일에 대여섯 번은 집 밖에서 식사를 하며, 특히 나물 반찬이 정갈하게 나오는 한정식집이나 기름진 짜장면과 짬뽕이 있는 중식당을 자주 찾습니다. 김준희 씨는 배달 음식의 번거로움보다는 직접 식당에 가서 주인과 안부를 나누며 식사하는 정겨운 분위기를 좋아합니다.","김준희 씨는 평생을 함께한 아내와 남악신도시 아파트에서 오붓하게 지내며, 사소한 일로 티격태격하면서도 여행지에서는 서로의 짐을 챙겨주는 다정한 사이입니다. 김준희 씨는 아내와 함께 걷는 산책길에서 나누는 소박한 대화를 통해 삶의 가장 큰 위안을 얻습니다.","김준희 씨는 남악신도시에서 꼼꼼한 임대 관리로 신뢰받는 사무 보조원이자, 트로트와 온천 여행을 사랑하는 다정하고 사교적인 60대 가장입니다.","무안 갯벌의 짠내와 전남 특유의 넉넉한 인심 속에서 성장했으며, 현재는 남악신도시의 아파트 단지에서 정돈된 생활을 하며 지역 사회의 크고 작은 모임에 빠지지 않고 얼굴을 비춥니다.","임대 관리 대장을 꼼꼼히 정리해 미납금 하나 없이 운영하며, 무안군청 주변의 부동산 시세 흐름을 꿰뚫고 있어 세입자들과의 계약 조율을 매끄럽게 처리합니다.","['임대 계약서 작성 및 체계적 관리', '무안 지역 부동산 매물 및 시세 분석', '다양한 연령대 세입자 민원 응대', '엑셀을 활용한 기초 임대료 회계 정리']","주말이면 아내와 함께 무안 황토갯벌랜드 산책로를 천천히 걷고, 저녁에는 유튜브로 최신 트로트 무대 영상을 찾아보며 다음 가족 여행지로 갈 만한 온천 지역을 검색합니다.","['무안 황토갯벌랜드 산책 및 자연 감상', '유튜브 트로트 가요제 영상 시청', '지역 배드민턴 클럽 정기 모임 참여', '가족과 함께하는 전국 유명 온천 여행']","현재 운영 중인 임대 사업의 관리 체계를 더 효율적으로 다듬어, 아내와 함께하는 노후 생활이 경제적 불안함 없이 평온하게 유지되기를 바랍니다.",남자,64,배우자있음,비현역,배우자와 거주,아파트,고등학교,해당없음,사무 보조원,전라남-무안군,전라남,대한민국
49bc35ed38d947ffacd7b2b344bd9833,"강병주 씨는 구로구 도매시장 일대의 좁고 험한 골목길을 손바닥 보듯 꿰고 있으며, 화물차 엔진 소리만 듣고도 어디가 고장 났는지 잡아내는 베테랑 운전원입니다. 큰 욕심 없이 정해진 배차 시간을 칼같이 맞추며 묵묵히 핸들을 잡지만, 가끔 운송장 정리를 미루다 마감 직전에 허둥대는 버릇이 있습니다.","강병주 씨는 주말마다 가족들의 손을 끌고 관악산 둘레길을 느릿하게 오르며 땀을 흘리고, 하산 후에는 단골집에서 삼겹살에 소주 한 잔을 곁들이는 낙으로 삽니다. 직접 낚시를 떠나기보다는 거실 소파에 누워 유튜브로 전국의 유명 낚시 포인트 영상을 훑어보며 대리 만족을 느끼는 정적인 취미 생활을 즐깁니다.","강병주 씨는 화려한 예술 작품이나 전시회보다는 유튜브 알고리즘이 추천해 주는 생활 밀착형 영상이나 옛 노래 모음집을 듣는 것에 더 큰 흥미를 느낍니다. 복잡한 이론이 담긴 예술보다는 일상에서 느끼는 소박한 조화로움을 귀하게 여기며, 가끔 아내를 따라 백화점 문화센터의 간단한 강연을 듣고는 신기해하는 모습도 보입니다.","강병주 씨는 낯선 해외여행보다는 가족들과 함께 서울 시내의 명소를 둘러보는 시티투어 버스 여행을 즐기며, 익숙한 도시의 변화된 모습을 관찰하는 것에서 편안함을 느낍니다. 여행 계획을 세밀하게 짜기보다는 그날그날 발길 닿는 대로 움직이는 편이며, 여행지에서도 역시나 검증된 고깃집을 찾아가 식사하는 보수적인 성향을 보입니다.","강병주 씨는 일주일에 한 번 가족과 함께 구로구 인근의 단골 고깃집에서 두툼한 삼겹살을 구워 먹으며 일주일의 피로를 씻어냅니다. 술 마신 다음 날이면 집 근처 중식당을 찾아 얼큰한 짬뽕 국물을 들이켜며 해장을 하는데, 배달 음식보다는 직접 식당에 가서 갓 나온 음식을 먹는 과정을 훨씬 좋아합니다.","강병주 씨는 무뚝뚝해 보여도 속으로는 가족을 위해 헌신하는 전형적인 한국의 아버지로, 자녀들이 사회에 완전히 자리 잡을 때까지 자신이 든든한 울타리가 되어주어야 한다는 책임감이 강합니다. 아내와는 가끔 사소한 일로 티격태격하지만 주말 식사 시간만큼은 절대 놓치지 않으며, 자녀들에게는 엄격한 훈육보다는 묵묵한 지지를 보내는 편입니다.","강병주 씨는 구로구의 길을 꿰고 있는 베테랑 화물차 운전원으로, 가족에 대한 책임감과 성실함을 바탕으로 평범하지만 단단한 일상을 꾸려가는 50대 가장입니다.","강병주는 구로공단 시절의 활기와 변화를 몸소 겪으며 성장했고, 화려한 학벌보다는 성실함과 대인관계의 조화를 삶의 정답이라 믿고 살아왔습니다. 가족과 함께하는 주말 식사 시간을 무엇보다 소중히 여기며, 튀지 않고 묵묵히 자기 자리를 지키는 것을 미덕으로 생각합니다.","서울 시내 좁은 골목길과 복잡한 도매시장 진입로를 훤히 꿰고 있으며, 화물차의 작은 엔진 소리만으로도 차량의 상태를 짐작해내는 숙련된 감각을 갖췄습니다. 배차 시간을 맞추기 위해 실시간 교통 상황을 빠르게 판단하고 최적의 경로를 찾아내는 능력이 탁월합니다.","['구로 및 가산 디지털단지 일대 지리 숙지', '특수 화물차 안전 운행 및 차량 자가 정비', '도매 시장 상인들과의 원만한 소통 및 협상', '효율적인 배차 경로 설계']","주말이면 가족들과 함께 관악산 둘레길을 천천히 걷고, 하산 후에 동네 단골 고깃집에서 삼겹살에 소주 한 잔을 곁들이며 일주일의 스트레스를 풉니다. 쉬는 날에는 유튜브로 전국 유명 낚시 포인트 영상을 찾아보거나, 가끔 집 근처 중식당에서 짬뽕 국물로 해장하는 시간을 즐깁니다.","['관악산 둘레길 산책', '유튜브 낚시 및 차량 관리 영상 시청', '가족과 함께하는 주말 외식', '동네 지인들과의 가벼운 반주']","이제는 무리한 확장보다는 몸에 무리가 가지 않는 선에서 꾸준히 일하며, 자녀들이 독립할 때까지 든든한 버팀목이 되어주는 안정적인 삶을 유지하고 싶어 합니다. 정년 이후에는 소규모로 운송 관련 자문을 해주거나 소일거리를 하며 건강하게 늙어가는 것을 꿈꿉니다.",남자,52,배우자있음,비현역,기타2세대,아파트,고등학교,해당없음,그 외 화물차 및 특수차 운전원,서울-구로구,서울,대한민국
1849ebf444fe48c7a895088dc54f8fdb,"박형은 씨는 울산 남구의 자동차 부품 공장에서 기계 소음만으로도 어느 공정에서 병목 현상이 생겼는지 단번에 잡아내는 숙련된 조립 라인 조작원입니다. 복잡한 매뉴얼을 정독하기보다 몸으로 익힌 감각을 믿으며, 후배들이 쩔쩔매는 기계 오작동을 툭툭 쳐서 해결해주고는 시원하게 웃어 보이는 현장의 해결사 역할을 합니다.","박형은 씨는 격렬한 운동보다는 따뜻한 물에 몸을 담그는 정적인 휴식을 즐기며, 주말이면 남편과 함께 인근 온천을 찾아 굳은 어깨와 허리 근육을 푸는 것으로 일주일의 피로를 씻어냅니다. 특별한 운동 계획을 세우기보다 기분 전환 삼아 동네 산책을 하다가도 눈에 띄는 예쁜 가게가 보이면 바로 발걸음을 멈추는 유연한 일상을 보냅니다.",박형은 씨는 퇴근 후 소파에 깊숙이 파묻혀 유튜브에서 북유럽풍 인테리어 소품이나 방 꾸미기 영상을 보며 대리 만족을 느끼는 시간을 가장 아낍니다. 거창한 예술 작품 전시회보다는 집안 분위기를 바꿀 수 있는 아기자기한 조명이나 소품 하나를 직접 골라 배치하는 감각적인 재미에 끌립니다.,"박형은 씨는 빡빡한 여행 일정표를 짜기보다 발길 닿는 대로 움직이는 여행을 즐기며, 주로 친한 친구나 남편과 함께 온천이나 스파 리조트를 찾아 느긋하게 쉬다 오는 짧은 여행을 떠납니다. 낯선 곳의 유명 관광지를 모두 섭렵하기보다 숙소 근처의 조용한 식당에서 맛있는 음식을 먹고 푹 자는 휴양형 여행에 만족합니다.","박형은 씨는 일주일에 네 번 이상 외식을 하고 배달 앱을 자주 이용하며, 특히 퇴근길에 포장해오는 마제소바나 입안에서 녹는 연어 초밥 같은 일식 메뉴에 입맛이 까다로운 편입니다. 한식을 먹을 때는 고기구이 대신 정갈한 나물 비빔밥이나 칼칼한 된장찌개 같은 깔끔한 상차림을 선택하며, 식사 후에는 꼭 달콤한 디저트를 챙겨 먹습니다.","박형은 씨는 남편과 서로의 성격을 잘 이해하며 다정하게 지내고, 주말이면 시간을 내어 친정 부모님 댁을 방문해 시시콜콜한 일상을 나누며 정을 쌓습니다. 집안일 분담에 있어 엄격하게 규칙을 정하기보다 서로 상황에 맞춰 유연하게 돕는 편이며, 가끔은 남편과 함께 배달 음식을 시켜 놓고 늦게까지 TV를 보며 낄낄거리는 시간을 즐깁니다.","박형은 씨는 울산 공단 현장의 능숙한 감각과 털털한 성격을 가진 30대 직장인으로, 사람들과 어울리는 즐거움과 온천욕 같은 정적인 휴식을 동시에 추구하는 인물입니다.","울산 남구 삼산동의 활기찬 분위기 속에서 자라나며 대규모 공단이 일상의 배경이 된 환경에 익숙합니다. 전문대학 시절부터 맺어온 동네 친구들과 여전히 끈끈하게 지내며, 격식 없는 편안한 관계 속에서 소속감을 느끼는 지역 정서를 가지고 있습니다.","조립 라인의 기계 소리만 들어도 어디서 병목 현상이 생겼는지 금방 알아채는 현장 감각이 뛰어납니다. 복잡한 매뉴얼을 외우기보다 몸으로 익힌 숙련도로 빠르게 대처하며, 동료들이 어려워하는 기계 조작법을 알기 쉽게 설명해 주는 능력이 좋습니다.","['자동 조립 설비 가동 및 모니터링', '라인 공정 오류 즉각 대응', '생산 설비 기본 유지보수', '신입 작업자 실무 교육']","주말이면 남편과 함께 근처 온천으로 짧은 여행을 떠나 뭉친 근육을 풉니다. 퇴근 후에는 마제소바나 초밥을 시켜 먹으며 유튜브에서 최신 인테리어 소품 영상을 구경하거나, 아무 생각 없이 멍하게 시간을 보내며 에너지를 충전합니다.","['울산 인근 온천 및 스파 방문', '유튜브 인테리어 및 소품 영상 시청', '삼산동 일식 맛집 탐방', '친구들과의 즉흥적인 번개 모임']","현장에서의 숙련도를 인정받아 동료들에게 신뢰받는 선임 작업자가 되는 것을 목표로 합니다. 꼼꼼한 서류 작업이 요구되는 관리직으로의 승진보다는, 현장의 흐름을 유연하게 조율하며 유쾌하게 협업하는 환경을 유지하는 것에 만족합니다.",여자,33,배우자있음,비현역,배우자와 거주,아파트,2~3년제 전문대학,해당없음,자동 조립라인 조작원,울산-남구,울산,대한민국
5c9a9473ffda489ba9c2458e4e299e2d,"최민경 씨는 동탄 소재의 소규모 피부 관리숍이나 네일 숍들의 상세 페이지 문구를 다듬으며 매출을 끌어올리는 마케팅 전문가입니다. 고객들의 날 선 리뷰 속에 숨겨진 불만을 포착해 매장 운영 매뉴얼로 빠르게 바꿔놓는 꼼꼼함을 가졌지만, 정작 본인의 업무 과부하 앞에서는 한숨을 내쉬며 노트북 앞에서 멍하니 시간을 보내곤 합니다.",최민경 씨는 땀 흘리는 격렬한 운동보다는 동네 사우나의 뜨거운 탕 속에 몸을 푹 담그고 머릿속을 비우는 시간을 진정한 회복의 시간으로 여깁니다. 주말 오후에는 거실 소파에서 아이가 잠든 틈을 타 짧고 깊은 낮잠을 자며 방전된 체력을 보충합니다.,최민경 씨는 퇴근 후 침대에 누워 유튜브의 인테리어 브이로그나 최신 뷰티 튜토리얼 영상을 보며 시각적인 만족감을 얻습니다. 가끔은 집에서 아이와 함께 색종이 접기를 하거나 간단한 그림을 그리며 정서적인 교감을 나누는 시간을 즐깁니다.,최민경 씨는 모든 역할에서 벗어나고 싶을 때 혼자 강원도 평창의 깊은 숲길을 찾아가 나무 냄새를 맡으며 정적인 시간을 보냅니다. 빽빽한 일정표 없이 발길 닿는 대로 걷다가 이름 모를 벤치에 앉아 한참 동안 산등성이를 바라보는 고요한 여행을 추구합니다.,"최민경 씨는 주 2~3회 정도 외식을 하며, 특히 정갈하게 담겨 나오는 사케동이나 담백한 나물 정식을 파는 일식당을 자주 찾습니다. 배달 음식은 보름에 한 번 꼴로 주문하며, 주로 아이가 좋아하는 자극적이지 않은 메뉴를 고르느라 배달 앱 화면을 한참 동안 들여다봅니다.","최민경 씨는 동탄 신도시의 정돈된 아파트 단지에서 남편과 아이를 챙기며 다정한 엄마이자 아내의 역할을 수행하지만, 가끔은 가족들의 요구사항을 다 들어주느라 정작 자신이 무엇을 원하는지 잊어버린 채 허탈함을 느낍니다. 아이의 작은 성취에도 크게 기뻐하며 세심하게 반응해주지만, 밤이 되면 밀려오는 육아 피로에 남편의 어깨에 기대어 조용히 눈물을 훔치기도 합니다.","최민경 씨는 타인의 결핍을 읽어내는 예리한 마케터의 시선과 주변을 배려하는 따뜻한 성품을 동시에 지녔지만, 내면의 고독과 피로를 혼자만의 고요한 시간으로 치유하는 30대 직장인 엄마입니다.","동탄 신도시의 정돈된 아파트 단지에서 아이를 키우며, 최신 트렌드를 빠르게 접하면서도 생활의 안정감을 중시하는 전형적인 30대 직장인 엄마입니다. 주변 사람들의 기분을 살피느라 정작 본인이 지친 상태임을 뒤늦게 깨닫고는 침대 위에서 한참을 멍하게 있곤 합니다.","개인 뷰티 숍이나 소규모 서비스 브랜드의 매출을 올리기 위해 타겟 고객의 결핍을 찾아내고, 이를 공략하는 세밀한 상세 페이지 문구를 작성합니다. 고객의 사소한 불만 섞인 리뷰에서도 서비스 개선 포인트를 짚어내어 운영 매뉴얼에 반영하는 능력이 탁월합니다.","['인스타그램 타겟 광고 최적화', '고객 심리 분석 기반 카피라이팅', '소규모 브랜드 아이덴티티 구축', '서비스 만족도 지표 분석 및 개선']","가끔 육아와 업무에서 벗어나 혼자 강원도 평창의 숲길을 걷거나, 조용한 일식당에서 정갈한 사케동을 먹으며 생각의 질서를 잡습니다. 주말 오후에는 동네 사우나의 뜨거운 탕에 몸을 담그고 일주일간 쌓인 긴장을 털어내는 시간을 갖습니다.","['평창 숲길 단독 산책', '동네 사우나 찜질과 휴식', '정갈한 일식 전문점 탐방', '제철 식재료를 활용한 한식 상차림']","현재의 안정적인 소득 수준을 유지하면서 업무 효율을 높여, 아이와 함께 보내는 저녁 시간을 더 확보하는 것에 집중하고 있습니다. 무리한 직급 상승보다는 업계에서 대체 불가능한 실력을 갖춘 전문 마케터로 성장해 향후 유연한 근무 환경을 직접 구축하려 합니다.",여자,30,배우자있음,비현역,배우자·자녀와 거주,아파트,4년제 대학교,경영·행정·법,마케팅 전문가,경기-화성시,경기,대한민국
dc1ffdf1c29b44e79ea9cd86af7670ef,"김정태 씨는 가전제품 수리 상담원으로서 화가 난 고객의 횡설수설하는 말 속에서도 핵심 고장 부위를 귀신같이 찾아내는 베테랑입니다. 팀 내에서는 매뉴얼의 낡은 부분을 고쳐 효율적인 응대 지침을 직접 만들어 공유하며, 후배들이 가장 먼저 조언을 구하는 든든한 선임 역할을 수행합니다.","김정태 씨는 주말마다 아들과 거실에 앉아 T1 같은 인기 팀의 LCK 경기를 챙겨보며 게임의 전략적 움직임을 분석하는 시간을 즐깁니다. 동네 당구장에서는 3쿠션의 각도를 정밀하게 계산해 득점하는 성취감을 느끼고, 답답한 일이 생기면 인천 앞바다로 낚싯대를 챙겨 나가 찌가 움직이기만을 멍하니 기다립니다.",김정태 씨는 주말이면 가족들을 위해 정성껏 된장찌개를 끓이거나 제철 나물을 무치는 소박한 요리 시간을 통해 마음의 평온을 찾습니다. 화려한 예술 작품보다는 동네 산책길에 마주치는 소소한 풍경이나 정갈하게 차려진 밥상에서 오는 시각적인 만족감을 소중히 여깁니다.,김정태 씨는 친구들과 함께 강원도 고성이나 제주도의 조용한 펜션으로 떠나 아무런 계획 없이 낮잠을 자고 쉬는 휴양 여행을 떠납니다. 복잡한 관광 코스를 도는 대신 바다가 보이는 테라스에 앉아 오랜 친구들과 옛 이야기를 나누며 일상의 긴장을 내려놓는 시간을 가집니다.,"김정태 씨는 일주일에 한 번 가족들과 함께 동네 보리밥집에서 나물 비빔밥을 먹거나, 금요일 밤이면 바삭한 황금올리브 치킨을 시켜 먹으며 일주일의 피로를 풉니다. 배달 음식은 한 달에 한 번 정도로 제한하며, 평소에는 집에서 직접 만든 건강한 한식 위주의 식탁을 유지하려 노력합니다.","김정태 씨는 연수구 아파트 단지에서 아내와 자녀들과 함께 살며, 사춘기 자녀의 마음을 이해하기 위해 최신 유행어나 게임 용어를 몰래 공부해 대화를 시도하는 다정한 아버지입니다. 이웃들과는 적당한 거리를 두면서도 동네 경조사에는 반드시 참석해 얼굴을 비추는 예의 바른 성격으로 통합니다.","김정태 씨는 인천 연수구에 거주하며 가족과 건강, 그리고 현재의 안정적인 삶을 지키기 위해 성실하게 살아가는 40대 후반의 베테랑 상담원입니다.","송도국제도시 인근 연수구 아파트 단지에서 오랜 시간 터를 잡고 살며, 동네 이웃들과 적당한 거리를 유지하면서도 경조사는 잊지 않고 챙기는 전형적인 인천 시민의 삶을 삽니다. 고등학교 졸업 후 바로 사회생활 전선에 뛰어들어 몸으로 부딪히며 배운 생활 지혜가 많으며, 세대 간의 격차를 줄이기 위해 노력하는 태도가 몸에 배어 있습니다.","고객의 짜증 섞인 말투 속에서도 핵심 고장 원인을 빠르게 잡아내는 능력이 탁월하며, 복잡한 수리 절차를 상대방이 이해하기 쉽게 풀어서 설명하는 데 능숙합니다. 매뉴얼의 빈틈을 찾아내어 더 효율적인 응대 흐름을 직접 짜고 이를 팀원들과 공유해 전체적인 업무 효율을 높이는 역할을 수행합니다.","['고객 불만 응대 스크립트 최적화', '가전 및 소비용품 고장 증상 1차 진단', '감정 노동 상황에서의 갈등 중재', '상세 업무 매뉴얼 작성 및 체계화']","주말이면 아들과 함께 LCK 경기를 챙겨보며 게임 전략에 대해 이야기를 나누고, 가끔은 친구들과 동네 당구장에서 3쿠션의 각도를 계산하며 시간을 보냅니다. 마음의 여유가 필요할 때는 인천 앞바다로 낚시를 떠나 몇 시간이고 물끄러미 찌를 바라보며 복잡한 생각들을 정리하곤 합니다.","['LCK 리그 오브 레전드 경기 관람', '동네 당구장 3쿠션 게임', '서해안 바다 낚시', '주말 저녁 간단한 안주 요리 만들기', '송도 센트럴파크 야간 산책']","갑작스러운 성공이나 승진보다는 현재의 안정적인 생활을 유지하며 직장 내에서 '가장 믿고 맡길 수 있는 선임'으로 인정받는 것에 만족합니다. 퇴근 후에는 공복혈당 수치를 낮추기 위해 매일 식단 기록을 꼼꼼히 작성하며, 건강하게 정년퇴직을 맞이하는 것을 현실적인 목표로 삼고 있습니다.",남자,47,배우자있음,비현역,배우자·자녀와 거주,아파트,고등학교,해당없음,전화 상담원,인천-연수구,인천,대한민국
1b1d57cbd6644b47bf4824aa9afbbf87,"김경미 씨는 수십 년간 도매업체의 복잡한 미수금 장부와 주문서를 한눈에 정리해온 베테랑 사무 보조원입니다. 고집 센 거래처 사장님들의 요구를 부드러운 말씨로 조율해 갈등을 잠재우며, 요즘은 후배들이 숨 쉴 틈 있는 편안한 사무실 분위기를 만드는 데 온 신경을 씁니다.",김경미 씨는 광교호수공원의 울창한 숲길을 느릿하게 거닐며 계절이 바뀌는 풍경을 감상하는 시간을 가장 소중히 여깁니다. 숨이 차는 격렬한 운동보다는 나무 사이를 천천히 걷는 삼림욕을 통해 일주일간 쌓인 직장 스트레스를 털어냅니다.,"김경미 씨는 오후의 나른한 햇살 아래 태블릿 PC로 달달한 로맨스 웹툰을 정주행하며 혼자만의 시간을 보냅니다. 가끔은 최신 잡지를 뒤적이며 유행하는 소품을 구경하고, 잔잔한 음악을 배경 삼아 낮잠을 자는 소박한 휴식을 즐깁니다.",김경미 씨는 가족들과 함께 전국의 이름 없는 숲이나 조용한 바닷가를 찾아가 풍경을 멍하니 바라보는 여행을 떠납니다. 빡빡한 일정표 대신 발길 닿는 대로 걷다가 마음에 드는 꽃이나 나무를 발견하면 한참을 서서 사진을 찍습니다.,"김경미 씨는 일주일에 네 번 이상 가족들과 함께 정갈한 나물 반찬이 나오는 한식당을 방문하거나, 영통구 곳곳의 베이커리를 찾아다닙니다. 특히 겉은 바삭하고 속은 촉촉한 소금빵의 식감에 매료되어 매주 새로운 빵집 리스트를 업데이트합니다.","김경미 씨는 수원 영통의 단독주택에서 배우자, 자녀들과 함께 북적거리며 살며 집안의 갈등을 부드럽게 중재하는 역할을 맡습니다. 자녀들이 좋아하는 음식을 정성껏 요리해 내놓으며, 가족이 모두 모여 외식하는 시간을 인생의 가장 큰 즐거움으로 생각합니다.","김경미 씨는 수원 영통에서 도매업 사무원으로 일하며 빵과 웹툰, 가족과의 산책을 사랑하는 다정하고 세심한 58세 여성입니다.","수원 영통의 조용한 단독주택가에서 오래 거주하며, 빠르게 변하는 신도시의 풍경과 옛 동네의 정취를 동시에 겪어왔습니다. 고등학교 졸업 후 곧바로 사회생활을 시작해 도매업계의 거친 환경 속에서도 특유의 유연함과 배려심으로 주변 사람들을 다독이며 살아온 세대입니다.",수십 년간 도매업 사무를 맡아오며 복잡하게 얽힌 거래처의 주문서와 미수금 내역을 한눈에 파악하고 정리하는 능력이 탁월합니다. 특히 고집 센 거래처 사장님들의 요구사항을 부드럽게 조율하여 갈등 없이 업무를 처리하는 소통 능력이 뛰어납니다.,"['거래처별 맞춤형 주문 관리', '세금계산서 및 전표 처리', '물류 입출고 일정 조율', '사내 기초 회계 장부 작성']","광교호수공원의 숲길을 천천히 걸으며 계절의 변화를 살피고, 오후에는 태블릿 PC로 잔잔한 로맨스 웹툰을 보며 낮잠을 즐깁니다. 주말에는 영통구 곳곳의 빵집을 찾아다니며 겉은 바삭하고 속은 촉촉한 소금빵을 고르는 재미에 빠져 있습니다.","['광교호수공원 산책 및 삼림욕', '로맨스 장르 웹툰 감상', '동네 유명 빵집 투어', '나물 위주의 건강한 한식 요리']",이제는 승진이나 성과보다는 함께 일하는 후배들이 스트레스 덜 받는 편안한 사무실 분위기를 만드는 데 집중하고 있습니다. 퇴직 전까지 오랫동안 방치된 오래된 서류함들을 본인만의 방식으로 깔끔하게 정리해두고 싶은 소소한 바람이 있습니다.,여자,58,배우자있음,비현역,배우자·자녀와 거주,단독주택,고등학교,해당없음,사무 보조원,경기-수원시 영통구,경기,대한민국
3ebcd8da4daf4a0d95f5806917819653,"김영식 씨는 서면 시장의 좁은 골목마다 숨은 명점들을 훤히 꿰뚫고 있으며, 제철 나물을 고르는 매서운 눈미와 손맛 하나로 식탁의 풍미를 바꾸는 살림의 고수입니다. 정해진 직업은 없지만 매일 아침 시장의 생동감을 확인하며 가장 싱싱한 식재료를 선점하는 나름의 일과를 보냅니다.",김영식 씨는 매일 아침 부산진구의 골목골목을 느릿하게 걸으며 발길 닿는 대로 동네 풍경을 감상합니다. 땀 흘리는 격렬한 운동보다는 공원 벤치에 앉아 가만히 숨을 고르며 아무것도 하지 않는 정적인 휴식을 통해 에너지를 회복합니다.,"김영식 씨는 산책길에 마주친 이름 모를 들꽃이나 낡은 간판의 문구를 낡은 메모장에 삐뚤빼뚤하게 기록하는 습관이 있습니다. 가끔 동네 미용실에서 머리 모양을 바꾸며 기분 전환을 하고, 조용히 책장을 넘기며 혼자만의 사색에 잠기는 시간을 보냅니다.",김영식 씨는 자녀들의 손을 잡고 성지순례 길을 떠나 경건한 마음으로 기도를 올리는 시간을 가장 소중히 여깁니다. 낯선 곳의 화려한 관광지보다는 함께 걷는 가족들의 뒷모습을 살피며 천천히 발걸음을 맞추는 여행을 합니다.,"김영식 씨는 2주에 한 번 가족들과 함께 지글지글 구운 돼지갈비를 먹으러 가거나, 서면의 정갈한 초밥집에서 생소한 일식 요리를 조심스럽게 맛봅니다. 일주일에 한 번은 자녀가 시켜준 배달 음식을 편하게 먹으며 시대의 변화를 입맛으로 체감합니다.","김영식 씨는 함께 늙어가는 배우자와 묵묵히 곁을 지키며, 자녀들에게는 필요할 때 단호하게 선을 긋는 엄격하면서도 단단한 어머니입니다. 가끔은 무뚝뚝해 보일 때도 있지만, 정성껏 무친 나물 반찬을 자녀의 밥 위에 얹어주며 말 없는 사랑을 표현합니다.","김영식 씨는 부산진구 시장통의 억척스러움과 성당의 고요함을 동시에 품은 채, 소박한 산책과 기록으로 일상을 채워가는 73세의 강단 있는 여성입니다.","부산진구의 북적이는 시장통에서 성장하며 억척스러운 생활력을 익혔지만, 내면에는 혼자만의 정적을 즐기는 고요함이 깊게 자리 잡고 있습니다. 배움의 기회는 짧았어도 세상 돌아가는 이야기에 늘 귀를 기울이며, 남의 말에 휘둘리지 않는 단단한 주관을 세워왔습니다.","서면 시장 구석구석의 단골집들을 꿰고 있어 제철 식재료를 가장 알뜰하게 고르는 법에 능숙하며, 손끝이 매워 나물 무침 하나로 식탁의 풍미를 바꿉니다.","['제철 식재료 선별 및 구매', '나물 무침 및 전통 한식 조리', '알뜰한 가계 운영 및 소비 전략', '피부 관리 및 기초 화장법']","성당 미사를 마친 뒤 소수의 친한 친구들과 모여 화투판을 벌이며 시간을 보내고, 가끔은 자녀들의 손을 잡고 서면의 정갈한 초밥집에서 낯선 일식 요리를 시도합니다.","['천주교 성지순례 여행', '부산진구 일대 골목 산책', '소규모 친목 모임 내 화투 게임', '피부과 방문 및 팩 관리', '짧은 수필집 읽기']",거창한 성취보다는 매일 아침 발길 닿는 대로 산책하며 마주치는 풍경을 메모장에 짧게 기록하는 소소한 일상을 유지하려 합니다.,여자,73,배우자있음,비현역,기타2세대,아파트,초등학교,해당없음,무직,부산-부산진구,부산,대한민국
f748dbb049744bf6aaad6ddb3c857653,안영미 씨는 베란다를 작은 정원으로 가꾼 솜씨를 살려 자녀들이 독립하면 동네 골목에 작은 꽃집을 열거나 주민센터에서 가드닝 강좌를 진행하는 제2의 인생을 준비하고 있습니다.,안영미 씨는 땀 흘리는 격렬한 운동 대신 단골 사우나에서 뜨거운 탕에 몸을 담가 피로를 풀거나 친목회 회원들과 완만한 흙길을 천천히 걷는 것으로 건강을 관리합니다.,"안영미 씨는 잠들기 전 라디오에서 흘러나오는 음악과 사연에 귀를 기울이며 하루를 정리하고, 몬스테라의 찢어진 잎사귀가 새로 돋아나는 과정을 지켜보는 것에서 잔잔한 즐거움을 느낍니다.",안영미 씨는 친목회 회원들과 함께 순천만 습지의 갈대밭이나 담양 메타세쿼이아 길을 찾아가 탁 트인 풍경을 배경으로 기념사진을 찍으며 일상의 답답함을 해소합니다.,"안영미 씨는 제철 나물을 무친 정갈한 한식 상차림을 가족들에게 매일같이 차려내면서도, 가끔은 인계동의 조용한 일식집에서 정갈한 초밥 세트를 즐기며 기분 전환을 합니다.","안영미 씨는 수원 팔달구에서 남편과 자녀들을 뒷바라지하며 헌신해왔지만, 자신의 주관이 뚜렷해 때로는 자녀들에게 차갑게 느껴질 만큼 단호하게 선을 긋는 태도를 보입니다.","안영미 씨는 수원 팔달구에 거주하며 식물 키우기와 라디오 청취로 내면을 가꾸고, 소소한 꽃집 운영의 꿈을 품고 사는 주관 뚜렷한 50대 주부입니다.","수원 팔달구의 오래된 구도심과 현대적인 아파트 단지가 교차하는 환경에서 생활하며, 고등학교 졸업 후 일찍 가정을 꾸려 자녀를 키워낸 전형적인 경기 지역의 주부입니다. 라디오 방송을 통해 세상의 변화를 접하며 자신만의 단단한 주관을 형성해왔고, 겉으로는 조용해 보이지만 내면에는 새로운 삶의 방식에 대한 호기심을 간직하고 있습니다.","베란다의 한정된 공간에서 몬스테라와 다양한 다육식물을 죽이지 않고 무성하게 키워내는 손재주가 있으며, 제철 식재료를 활용해 가족들의 입맛에 맞는 한식 상차림을 차려내는 데 능숙합니다.","['실내 공기정화 식물 관리', '제철 나물 무침 및 한식 상차림', '가정 내 효율적인 공간 배치', '지역 커뮤니티 정보 수집']","친목회 회원들과 함께 순천만 습지나 담양 메타세쿼이아 길처럼 탁 트인 자연을 찾아 여행하며, 가끔은 인계동의 조용한 일식집에서 정갈한 초밥 세트를 즐깁니다. 주말 오후에는 단골 사우나에서 피로를 풀고, 잠들기 전 라디오에서 흘러나오는 잔잔한 음악과 사연에 귀를 기울입니다.","['베란다 텃밭 및 관엽식물 가꾸기', '순천만, 담양 등 자연 경관 여행', 'KBS 제2라디오 청취', '동네 단골 사우나 방문', '인계동 일식 전문점 탐방']","자녀들이 독립한 이후에는 그동안 쌓아온 원예 지식을 활용해 동네 작은 꽃집을 운영하거나, 주민센터에서 가드닝 강좌를 열어 소소하게 사람들과 교류하는 삶을 꿈꿉니다.",여자,54,배우자있음,비현역,배우자·자녀와 거주,아파트,고등학교,해당없음,무직,경기-수원시 팔달구,경기,대한민국
392f1a58b43847038abcc59cf3920b42,"김숙이 씨는 포항 남구의 좁은 골목길을 훤히 꿰뚫고 있는 베테랑 운전원으로, 엔진 소리만 들어도 차량의 이상 유무를 곧바로 맞히는 예리한 감각을 가졌습니다. 김숙이 씨는 승객들의 요구에는 유연하게 대처하지만, 안전벨트 미착용처럼 안전과 직결된 문제 앞에서는 호통을 칠 정도로 단호한 면모를 보입니다.","김숙이 씨는 동네 배드민턴 코트에서 이웃들과 셔틀콕을 주고받으며 땀을 흘리고, 가끔은 집 앞 공터에서 줄넘기를 하며 하체 근력을 관리합니다. 김숙이 씨는 운동 후 뜨거운 물에 몸을 담그는 사우나 시간을 통해 온종일 핸들을 잡느라 뭉친 근육을 풀며 하루의 피로를 씻어냅니다.","김숙이 씨는 임영웅의 노래를 크게 틀어놓고 가사를 흥얼거리며 집안일을 하거나, 유튜브에서 추천하는 건강 정보 영상을 멍하니 시청하며 시간을 보냅니다. 김숙이 씨는 화려한 전시회나 공연보다는 영일대 해수욕장의 파도 소리와 푸른 바다 풍경을 가만히 바라보는 것에서 정서적인 충만함을 느낍니다.","김숙이 씨는 단짝 친구와 함께 경주 불국사나 보문단지의 산책로를 천천히 걸으며 계절마다 변하는 나무와 꽃의 색깔을 구경하는 여행을 즐깁니다. 김숙이 씨는 빡빡한 여행 일정표를 짜는 것을 끔찍이 싫어해, 발길 닿는 대로 걷다가 마음에 드는 벤치가 보이면 한참을 앉아 쉬어가는 즉흥적인 방식을 고수합니다.","김숙이 씨는 한 달에 한 번 정도 외식을 하며, 고기구이 대신 나물 비빔밥이나 된장찌개 같은 담백한 한식이나 깔끔한 초밥 정식을 즐겨 찾습니다. 김숙이 씨는 2주에 한 번꼴로 자녀들이 설치해 준 앱을 통해 치킨이나 족발을 배달시켜 먹으며 잠시나마 주방 일에서 벗어나는 소소한 일탈을 누립니다.","김숙이 씨는 포항 남구의 오래된 다세대 주택에서 무뚝뚝하지만 속 깊은 남편과 함께 서로의 빈자리를 채우며 평온한 노후를 보내고 있습니다. 김숙이 씨는 남편과 사소한 일로 말다툼을 벌이기도 하지만, 투박한 경상도 사투리로 툭 던지는 위로 한마디에 금세 마음이 풀리는 정 많은 관계를 유지합니다.","김숙이 씨는 포항의 길을 모두 꿰고 있는 베테랑 운전원으로, 안정적인 소득과 소소한 운동, 그리고 남편과의 평온한 일상을 소중히 여기는 강인한 경상도 여성입니다.","포항 남구의 오래된 다세대 주택가에서 나고 자라며 투박한 경상도 사투리가 생활 언어로 배어 있습니다. 중학교 졸업 후 빠르게 생업 전선에 뛰어들어 치열하게 살아온 세대의 강인함이 있으며, 겉으로는 무뚝뚝해 보여도 오랜 이웃들과는 묵직한 신뢰를 나누는 관계를 맺고 있습니다.","포항 시내의 좁은 골목길과 복잡한 도로 상황을 꿰뚫고 있어 어떤 목적지든 막힘없이 빠르게 찾아갑니다. 오랜 운전 경력으로 차량의 작은 소음만 들어도 어디가 문제인지 금방 알아채며, 승객의 요구사항을 유연하게 처리하면서도 안전에 대해서는 타협 없는 단호함을 보입니다.","['포항 시내 및 외곽 지름길 파악', '승합차 및 승용차 안전 운행', '기본적인 차량 자가 정비', '다양한 연령대 승객 응대']","주말이면 단짝 친구와 함께 영일대 해수욕장 산책로를 천천히 걸으며 바다 풍경을 감상합니다. 평소에는 동네 배드민턴 코트에서 가볍게 땀을 흘리거나, 좋아하는 가수의 노래를 크게 틀어놓고 따뜻한 물에 몸을 담그는 사우나 시간으로 하루의 피로를 풉니다.","['임영웅 노래 감상', '유튜브 건강 정보 영상 시청', '동네 목욕탕 및 사우나 방문', '배드민턴']","무리하게 수입을 늘리기보다 현재의 운전 업무를 건강하게 유지하며 매달 정해진 소득을 안정적으로 가져가는 것에 만족합니다. 가끔 운행 일정이 너무 빡빡해지면 마음이 쉽게 지치기에, 적절한 휴식 시간을 확보하며 오래도록 핸들을 잡는 것을 목표로 합니다.",여자,66,배우자있음,비현역,배우자와 거주,다세대주택,중학교,해당없음,승용차 및 승합차 운전원,경상북-포항시 남구,경상북,대한민국
0506f1669dec422a83e9c1806721a4a3,"김성민 씨는 시흥 정왕동 공단에서 20년 넘게 자동차 차체 조립 라인을 지키며, 도면의 미세한 오차 하나 놓치지 않는 정밀한 손끝 감각으로 현장 동료들의 신뢰를 받는 숙련공입니다. 공정 전체의 흐름을 꿰뚫고 있어 후배들의 실수를 즉각 잡아내며, 자녀들이 대학을 졸업하고 자립할 때까지 현재의 안정적인 자리를 묵묵히 지키고자 합니다.","김성민 씨는 주말마다 자전거를 타고 시원한 바닷바람이 부는 오이도 해안길을 달리며 땀을 흘리고, 저녁에는 거실 소파에 누워 해외 축구 경기를 시청하며 스트레스를 풉니다. 동료들과의 풋살 모임에서도 특유의 책임감으로 팀의 중심을 잡으며 활발하게 활동합니다.",김성민 씨는 복잡한 예술 작품보다는 유튜브에서 자동차 정비 영상을 찾아보거나 오래된 만화책을 넘겨보는 소박한 시간을 즐깁니다. 가끔 노래방에 가서 90년대 유행했던 댄스곡들을 열창하며 무뚝뚝한 평소 모습과는 다른 흥겨운 면모를 드러내기도 합니다.,김성민 씨는 빡빡한 일정의 관광지 순례보다는 친구나 아내와 함께 조용한 리조트나 펜션에서 아무런 생각 없이 쉬는 휴양 여행을 즐깁니다. 익숙한 장소에서 맛있는 음식을 먹고 늦잠을 자는 것만으로도 충분한 충전이 된다고 믿으며 휴식을 취합니다.,"김성민 씨는 퇴근길 단골 일식집에서 모둠 초밥에 소주를 곁들이는 것으로 하루의 고단함을 씻어내며, 주 5일 이상 외식을 할 정도로 밖에서 먹는 식사를 선호합니다. 고기구이보다는 정갈한 생선구이나 나물 반찬이 나오는 한식 백반집을 자주 찾으며, 늦은 밤 배달 앱으로 야식을 시켜 먹는 버릇이 있습니다.","김성민 씨는 시흥의 아파트 단지에서 아내와 자녀들을 위해 묵묵히 헌신하는 가장이며, 무뚝뚝한 말투 속에 가족에 대한 깊은 애정을 숨기고 있습니다. 자녀들이 대학을 졸업하고 당당한 사회인으로 성장하는 모습을 보는 것이 인생의 마지막 남은 큰 목표입니다.","김성민 씨는 시흥 공단에서 20년 경력을 쌓은 베테랑 조립공으로, 자가 아파트를 마련한 성실함과 가족을 향한 강한 책임감을 가진 중년 남성입니다.","시흥 정왕동 일대 공단 지역의 역동적인 분위기 속에서 성실함이 곧 정답이라는 믿음으로 살아왔으며, 고된 노동 끝에 내 집 마련을 이뤄낸 중년 가장의 자부심이 깊게 배어 있습니다.",20년 넘게 자동차 차체 조립 라인을 지키며 도면의 미세한 오차를 즉각 잡아내는 정밀한 손끝 감각과 공정 흐름을 꿰뚫어 보는 숙련도를 갖췄습니다.,"['자동차 차체 패널 정밀 조립', '생산 라인 공정 병목 현상 해결', '신입 작업자 맞춤형 기술 전수', '부품 결함 조기 발견 및 품질 검수']","주말이면 자전거를 타고 오이도 해안길을 달리며 땀을 흘리고, 퇴근 후에는 동료들과 단골 일식집에서 모둠 초밥에 소주 한 잔을 곁들이며 하루의 피로를 풉니다.","['오이도 해안도로 사이클링', 'KBO 프로야구 경기 시청', '동네 목욕탕 및 사우나 이용', '코인 노래방에서 8090 노래 부르기']","현장에서의 실질적인 권위를 인정받는 숙련공으로 남기를 원하며, 자녀들이 대학을 졸업하고 자립할 때까지 현재의 안정적인 소득 수준을 유지하는 것에 가치를 둡니다.",남자,46,배우자있음,비현역,배우자·자녀와 거주,아파트,고등학교,해당없음,자동차 차체 부품 조립원,경기-시흥시,경기,대한민국
579ea8f53084467fa574cf4358f6e71b,"이현희 씨는 거대한 발전 터빈의 미세한 진동과 소음만으로도 기계의 이상 징후를 단번에 알아채는 베테랑 조작원으로, 현장에서 겪은 온갖 시행착오를 후배들에게 투박하게 전수하며 정년까지 무사고 기록을 이어가는 기술 멘토의 삶을 지향합니다.","이현희 씨는 주말이면 가족들의 손을 잡고 가조도 해안길이나 바람의 언덕 주변을 천천히 걸으며, 숨이 턱까지 차오르는 격렬한 운동 대신 탁 트인 바다 풍경을 감상하며 마음의 긴장을 털어내는 시간을 갖습니다.","이현희 씨는 퇴근 후 소파에 기대어 유튜브로 임영웅의 노래를 듣거나 최신 트로트 영상을 시청하며 하루의 피로를 씻어내고, 때로는 TV 드라마 속 갈등 상황에 깊이 몰입해 함께 울고 웃으며 감정을 해소합니다.","이현희 씨는 화려한 도심의 관광지 대신 남해의 조용한 어촌 마을이나 숲길을 가족과 함께 찾는 여행을 즐기며, 멋진 자연 풍경 앞에서 가족사진을 남기는 일에서 삶의 가장 큰 만족감을 느낍니다.","이현희 씨는 일주일에 대여섯 번은 가족과 함께 동네 고깃집에서 두툼한 삼겹살을 구워 먹으며, 후식으로는 갓 구운 소금빵이나 달콤한 크림빵을 파는 빵집에 들러 가족들의 간식을 챙기는 것을 일상의 낙으로 삼습니다.","이현희 씨는 거제도에서 가정을 꾸려 자녀들을 키우며 배우자와는 투박한 경상도식 말투로 대화하지만, 속으로는 가족의 안녕과 화목을 무엇보다 소중히 여기며 집안의 중심을 잡는 든든한 버팀목 역할을 합니다.","이현희 씨는 거제도의 발전 터빈 전문가로서 실용적인 삶의 태도로 가족을 부양하며, 건강 관리의 어려움 속에서도 일상의 소소한 즐거움을 찾는 40대 여성입니다.","거제도의 조선업 중심 분위기 속에서 자라며 뚝심 있게 살아왔고, 투박하지만 정이 많은 경남 특유의 정서와 고등학교 졸업 후 곧바로 현장에 뛰어든 실무 중심의 사고방식이 몸에 배어 있습니다.","거대한 발전 터빈의 미세한 진동과 소음만으로도 기계의 이상 징후를 잡아내며, 복잡한 제어판의 수치 변화를 실시간으로 읽어내어 사고를 미연에 방지하는 현장 대응 능력이 탁월합니다.","['발전 터빈 진동 및 소음 분석', '산업 설비 제어 시스템 운용', '현장 안전 수칙 및 비상 대응 매뉴얼 숙지', '기계 설비 유지보수 주기 관리']","주말이면 가족들과 가조도 해안길이나 바람의 언덕 주변을 천천히 걸으며 풍경을 감상하고, 퇴근 후에는 동네 친구들과 삼겹살에 소주 한 잔을 곁들이며 일상의 긴장을 해소합니다.","['가조도 해안길 산책', '임영웅 노래 모아 듣기', '유튜브로 당뇨 관리 식단 찾아보기', '거제 시내 유명 빵집 방문하기']",현장에서 쌓은 숙련된 노하우를 바탕으로 후배 조작원들이 실수 없이 설비를 다룰 수 있도록 돕는 실질적인 기술 멘토가 되어 정년까지 무사고 기록을 이어가고자 합니다.,여자,45,배우자있음,비현역,배우자·자녀와 거주,아파트,고등학교,해당없음,발전터빈 조작원,경상남-거제시,경상남,대한민국
b213b99af33f473c9c090950716d1370,"황남규 씨는 과거 건설 붐 시절 복잡한 도면을 단숨에 읽어내던 공학적 감각을 여전히 간직하고 있으며, 최근에는 동네 전자기기 수리점 사장님과 기술적 고민을 나누며 소소한 조언을 건네는 일에서 보람을 느낍니다.","황남규 씨는 거창한 운동 대신 온천천 산책길을 느릿하게 걸으며 계절의 변화를 살피고, 가끔 고등학교 동창들과 가벼운 배드민턴을 치며 땀을 흘리는 정도로 몸을 움직입니다.","황남규 씨는 오래된 라디오에서 흘러나오는 토크쇼 사연에 귀를 기울이며 공감하고, 손에 익은 디지털카메라로 온천천 변의 벚꽃이나 단풍 풍경을 정밀하게 담아내는 사진 찍기에 몰두합니다.","황남규 씨는 고향 친구들과 함께 강원도나 전라도의 한적한 숲길을 찾아가 맑은 공기를 마시며 풍경을 감상하고, 여행 중 발생하는 일정 조율 갈등을 특유의 부드러운 말투로 중재하며 여정을 이끕니다.","황남규 씨는 2주에 한 번 정도 아내와 함께 나물 비빔밥 같은 담백한 한식을 먹으러 나가고, 돌아오는 길에는 동네 단골 빵집에 들러 갓 구운 단팥빵을 사서 집에서 따뜻한 차와 함께 즐깁니다.","황남규 씨는 아내와 함께 거실에 앉아 라디오를 들으며 소소한 일상을 공유하고, 가끔은 사소한 일로 투닥거리면서도 서로의 건강 상태를 세심하게 챙기며 평온한 노후를 보내고 있습니다.","황남규 씨는 부산 동래구에서 건설 공학도로서의 전문성을 뒤로한 채, 온천천 산책과 라디오 청취, 그리고 이웃들과의 유대감 속에서 안정을 찾는 57세 남성입니다.","산업화 시기의 건설 붐 속에서 공학도로 성장하며 실용주의적 사고방식을 체득했고, 지금은 부산 동래구의 익숙한 골목길과 이웃들과의 안부를 묻는 소소한 일상에서 안정을 찾습니다.","복잡한 도면을 빠르게 해석해 현장의 문제를 해결하던 정밀함이 몸에 배어 있으며, 동창회나 지역 모임에서 갈등이 생겼을 때 특유의 부드러운 말투로 중재안을 제시해 상황을 매끄럽게 정리합니다.","['건축 도면 해독 및 현장 공정 관리', '분쟁 조정 및 관계 중재', '실무 중심의 비용 효율 분석', '지역 사회 인적 네트워크 관리']","온천천 변을 천천히 걸으며 계절마다 바뀌는 풍경을 사진으로 남기고, 가끔은 단골 빵집에서 갓 구운 단팥빵을 사서 아내와 함께 나누어 먹으며 라디오 토크쇼를 듣습니다.","['온천천 산책 및 풍경 사진 촬영', 'KBS 라디오 프로그램 청취', '동네 지인들과의 정기적인 차 모임', '전국 유명 빵집 탐방']","거창한 사회적 성취보다는 그동안 쌓아온 기술적 식견을 활용해 동네 작은 수리 센터를 돕거나, 부담 없는 수준의 자문 역할을 수행하며 적절한 소속감을 유지하려 합니다.",남자,57,배우자있음,비현역,배우자와 거주,아파트,4년제 대학교,공학·제조·건설,무직,부산-동래구,부산,대한민국
35f0ff490dcd401f9cd3e666ab19158b,"정병학 씨는 식품 제조 공장 현장에서 작업자들이 한눈에 이해할 수 있는 그림 위주의 시각적 매뉴얼을 직접 설계하며 불량률을 낮추는 데 매진합니다. 공학적인 분석력을 바탕으로 효율적인 교육 체계를 잡지만, 때로는 동료들의 보고서에 대해 너무나 날카롭고 직설적인 지적을 던져 사무실 분위기를 순식간에 얼어붙게 만들기도 합니다.",정병학 씨는 주말마다 북한산 둘레길을 천천히 걸으며 계절에 따라 변하는 잎사귀의 색깔과 숲의 공기를 세밀하게 관찰합니다. 엄격한 운동 계획을 세우기보다 그날의 기분과 날씨에 따라 발길 닿는 대로 산책하며 몸과 마음의 균형을 잡습니다.,정병학 씨는 퇴근 후 유튜브에서 오래된 가옥 수리 영상을 찾아보며 삐걱거리는 문고리를 교체하거나 낡은 창틀의 실리콘을 다시 쏘는 작업에서 깊은 희열을 느낍니다. 복잡한 공학 도면을 일상의 쉬운 언어로 시각화하는 능력을 활용해 집안 곳곳의 보수 기록을 자신만의 체계적인 노트에 정리해 둡니다.,정병학 씨는 친한 친구들과 함께 강원도 평창의 숲길이나 제주도의 오름처럼 자연 풍경이 수려한 곳을 찾아 조용히 걷는 여행을 즐깁니다. 유명 관광지를 바쁘게 돌아다니기보다 한곳에 오래 머물며 풍경이 주는 정취를 차분하게 음미하는 시간을 갖습니다.,정병학 씨는 2주에 한 번 가족들과 집 근처 식당에서 구수한 청국장이나 나물 비빔밥 같은 담백한 한식 차림으로 식사를 합니다. 일주일에 한 번 정도는 간단하게 떡볶이나 김밥 같은 분식을 배달시켜 먹으며 일상의 소소한 즐거움을 찾습니다.,"정병학 씨는 정릉동 골목의 단독주택에서 아내와 아이들과 함께 북적이며 지내며, 집안의 크고 작은 고장 난 물건들을 직접 고쳐주는 든든한 아빠 역할을 수행합니다. 다정다감한 표현에는 서툴러 가끔 가족들에게 무뚝뚝하게 굴지만, 주말이면 함께 산책을 나서며 묵묵히 가족의 곁을 지킵니다.","정병학 씨는 성북구 단독주택에 거주하며 공학적 분석력을 바탕으로 식품 제조 교육 매뉴얼을 만드는, 절제된 생활 습관과 실용적인 가치관을 지닌 40대 가장입니다.","정병학은 성북구 정릉동의 고즈넉한 골목에 위치한 단독주택에서 가족들과 함께 지내며, 공학 전공자 특유의 분석적인 시각을 교육 행정 업무에 녹여내어 일합니다. 술과 담배를 전혀 하지 않는 생활 습관 덕분에 회식 문화가 강한 업계에서도 자기만의 중심을 지키지만, 가끔은 지나치게 솔직하고 비판적인 피드백을 건네 주변 사람들을 당황하게 만들기도 합니다.",식품 제조 공정의 효율성을 높이기 위해 현장 작업자들이 즉각적으로 이해할 수 있는 시각적 교육 매뉴얼을 제작하고 커리큘럼을 설계하는 데 능숙합니다. 복잡한 공학적 원리를 일상의 쉬운 언어로 풀어서 설명하는 재주가 있어 사내 신입 사원 교육에서 높은 신뢰를 받습니다.,"['식품 제조 공정 교육 설계', '현장 맞춤형 기술 매뉴얼 제작', '사내 교육 행정 프로세스 최적화', '공학 기반의 공정 효율 분석']","주말이면 북한산 둘레길을 천천히 걸으며 계절마다 변하는 나무의 색을 살피고, 퇴근 후에는 유튜브에서 단독주택 유지보수 영상을 찾아보며 낡은 창틀이나 문고리를 직접 수리합니다. 이주일에 한 번 정도는 가족과 함께 집 근처 식당에서 나물 비빔밥이나 청국장 같은 담백한 한식을 즐기며 여유를 찾습니다.","['북한산 자락 산책과 풍경 감상', '단독주택 셀프 유지보수 영상 시청', '동네 분식집의 떡볶이와 꼬마김밥 맛집 찾기', '가족들과 나누는 일상적인 잡담']",직급 상승이나 권력 획득보다는 자신이 설계한 교육 체계가 현장에 완벽히 안착하여 작업 실수와 불량률을 실질적으로 낮추는 표준 가이드를 완성하고자 합니다. 화려한 성과보다는 누구나 쉽게 적응할 수 있는 실용적인 시스템을 구축하는 데에서 직업적 성취감을 느낍니다.,남자,41,배우자있음,비현역,배우자·자녀와 거주,단독주택,4년제 대학교,공학·제조·건설,교육 및 훈련 사무원,서울-성북구,서울,대한민국
7c179c25275b412e880f215bc4da5108,"장명옥 씨는 환자의 안색만 봐도 열이 오르는지 알아채는 베테랑 간호조무사로, 천안의 한 의원에서 깐깐한 환자들에게도 밀리지 않는 단호한 카리스마를 보여줍니다. 복잡한 서류 작업도 막힘없이 처리하지만, 가끔 마음이 앞서 서둘러 일하다가 차트 순서를 섞어놓는 덜렁거리는 면모가 있습니다.","장명옥 씨는 주말마다 편한 운동화를 신고 천호지 산책길을 천천히 걸으며 복잡한 생각들을 정리하고 계절의 변화를 몸소 느낍니다. 거창한 운동보다는 가벼운 산책을 즐기며, 걷다가 마음에 드는 풍경을 발견하면 한참을 멈춰 서서 구경하곤 합니다.","장명옥 씨는 집안일을 할 때면 거실 가득 임영웅의 노래를 크게 틀어놓고 흥얼거리며, TV 속 트로트 경연 대회를 시청하며 일상의 스트레스를 해소합니다. 화려한 예술 작품보다는 가슴을 울리는 가사와 멜로디에 깊게 몰입하며 위안을 얻습니다.",장명옥 씨는 마음 맞는 친구들과 함께 부여의 낙화암이나 공주의 무령왕릉 같은 역사 유적지를 찾아다니며 옛이야기에 귀를 기울이는 나들이를 즐깁니다. 빡빡한 일정표를 짜기보다 그날의 기분에 따라 발길 닿는 대로 구경하고 근처 유명한 빵집에 들러 간식을 사는 여유를 부립니다.,장명옥 씨는 2주에 한 번꼴로 동네 단골 고깃집에서 지글지글 구운 삼겹살에 소주 한 잔을 곁들이며 친구들과 회포를 푸는 시간을 가장 기다립니다. 가끔 입맛이 없거나 요리하기 귀찮은 날에는 한 달에 한 번 정도 집 근처 분식집에서 떡볶이와 김밥을 배달시켜 소소한 별식을 즐깁니다.,"장명옥 씨는 사별 후 홀로 아파트에서 지내며 스스로를 책임지는 단단한 독립심을 키웠고, 성당 교우들과 정을 나누면서도 자신의 사생활을 침해하려는 무례한 질문에는 정중하지만 차갑게 선을 긋습니다. 가끔씩 찾아오는 가족들과는 따뜻한 정을 나누지만, 평소에는 오롯이 혼자만의 고요한 시간을 누리는 것에 익숙합니다.","장명옥 씨는 천안에서 간호조무사로 일하며 경제적 자립을 실천하고, 역사 여행과 임영웅의 노래로 삶의 활력을 찾는 강단 있는 60대 여성입니다.","천안 서북구의 도시화 과정을 지켜보며 살아왔고, 사별 후 홀로 서는 과정에서 자신의 기준을 지키는 단단한 독립심을 키웠습니다. 동네 성당 교우들과 어울리며 정을 나누지만, 사생활에 지나치게 관여하는 것은 정중히 거절하는 태도를 지니고 있습니다.","수십 년간 간호조무사로 일하며 환자의 안색만 보고도 컨디션 변화를 빠르게 알아차리는 직관적인 감각이 탁월합니다. 병원 행정 업무를 능숙하게 처리하며, 까다로운 환자에게도 휘둘리지 않고 단호하게 상황을 정리하는 능력이 있습니다.","['환자 활력 징후 측정 및 기록', '외래 진료 보조 및 접수 관리', '노인 환자 맞춤형 응대', '기초 의료 소모품 재고 관리']","주말이면 친구들과 함께 천호지 산책길을 걷거나, 마음 맞는 이들과 부여나 공주 같은 역사 유적지를 찾아다니는 나들이를 즐깁니다. 좋아하는 임영웅 노래를 크게 틀어놓고 집안일을 하거나, 2주에 한 번쯤 동네 고깃집에서 친구와 소주 한 잔을 기울이며 회포를 풉니다.","['천호지 호수공원 산책', '백제 역사 유적지 탐방', '임영웅 노래 감상', '동네 친구들과의 술자리']","지금 근무하는 의원에서 건강이 허락하는 한 정년 없이 일하며 경제적 자립을 유지하고, 차곡차곡 모은 돈으로 현재의 전세 집을 조금 더 쾌적한 곳으로 옮기려 합니다.",여자,60,사별,비현역,혼자 거주,아파트,2~3년제 전문대학,해당없음,간호조무사,충청남-천안시 서북구,충청남,대한민국
579a68531260416b944e0432587e78f1,"김성진 씨는 대구 전역의 물류 유통망을 꿰뚫고 있던 경험을 살려, 지금도 동네 사람들의 짐 옮기기나 복잡한 길 찾기를 도와주곤 합니다. 김성진 씨는 집안의 고장 난 수도꼭지나 삐걱거리는 문을 공구함 하나로 뚝딱 고치는 실전 손재주를 가졌지만, 정작 본인의 물건 정리정돈 습관은 다소 느슨한 편입니다.",김성진 씨는 팔공산의 완만한 등산로를 천천히 걸으며 계절마다 변하는 산세의 풍경을 관찰하는 시간을 즐깁니다. 김성진 씨는 엄격한 운동 계획을 세우기보다 그날의 기분에 따라 걷는 거리와 속도를 조절하며 무리하지 않게 몸을 움직입니다.,"김성진 씨는 거실 스피커로 임영웅의 노래를 크게 틀어놓고 가사와 멜로디에 젖어드는 시간을 하루 중 가장 아낍니다. 김성진 씨는 오래전 호기심에 샀다가 구석에 밀어두었던 하모니카를 다시 꺼내어, 좋아하는 노래 한 곡을 끝까지 완주해 보려고 서투르게 연습 중입니다.",김성진 씨는 가족들과 함께 전국의 이름난 자연경관을 찾아다니며 탁 트인 풍경을 감상하는 여행을 즐깁니다. 김성진 씨는 여행지에서 빡빡한 일정표를 따르기보다 발길 닿는 대로 움직이며 가족들과 도란도란 이야기를 나누는 여유를 누립니다.,김성진 씨는 금요일 밤마다 아내와 함께 교촌치킨을 배달시켜 나누어 먹으며 일주일의 피로를 푸는 규칙적인 습관이 있습니다. 김성진 씨는 한 달에 한 번 외식을 나갈 때면 고깃집보다는 나물이나 찌개 중심의 정갈한 한식당을 찾아가 소박한 식사를 즐깁니다.,"김성진 씨는 평생을 함께한 배우자와 아파트에서 서로 의지하며 지내고, 자녀들에게 심리적이나 경제적으로 짐이 되지 않는 평온한 관계를 유지하는 데 집중합니다. 김성진 씨는 가끔 자녀들이 방문했을 때 짐짓 무심한 척하면서도, 그들이 좋아하는 간식을 미리 챙겨두는 다정한 면모를 보입니다.","김성진 씨는 대구의 정취와 현대적 편리함을 모두 경험한 70대 가장으로, 소박한 취미와 가족에 대한 애정 속에서 유연하고 평온한 노후를 보내고 있습니다.",대구 북구에서 나고 자라 칠성시장의 옛 정취와 현대적인 아파트 단지의 편리함을 동시에 겪으며 살아왔습니다. 보수적인 지역 분위기 속에서도 새로운 물건이나 변화하는 세상의 흐름을 유연하게 받아들이는 성격입니다.,수십 년간 지역 물류 유통 분야에서 근무하며 대구 시내의 웬만한 골목길과 지름길을 눈감고도 훤히 꿰고 있습니다. 복잡한 설명서 없이도 집안의 삐걱거리는 문이나 고장 난 수도꼭지를 기본 도구만으로 뚝딱 고쳐내는 실전 손재주가 좋습니다.,"['대구 시내 지리 및 최단 경로 파악', '가정용 간단 집기 수리', '효율적인 물품 적재 및 공간 배치', '상대방의 기분을 살피는 완곡한 대화법']","팔공산 등산로를 천천히 걸으며 산세의 변화를 살피고, 금요일 밤마다 아내와 함께 배달시킨 교촌치킨을 나누어 먹습니다. 경로당 친구들과 섯다나 고스톱을 치며 시간을 보내거나, 거실에 임영웅의 노래를 크게 틀어놓고 멍하게 창밖을 보며 담배를 피우기도 합니다.","['팔공산 둘레길 산책', '금요일 밤 치킨 배달 식사', '경로당 지인들과의 고스톱', '임영웅 노래 감상', '하모니카 독학']","자녀들에게 경제적, 심리적 짐이 되지 않고 평온한 노후를 유지하는 것에 만족하며 지냅니다. 예전에 호기심에 사두고 구석에 밀어두었던 하모니카로 좋아하는 노래 한 곡을 끝까지 완주해보려는 소소한 계획이 있습니다.",남자,71,배우자있음,비현역,배우자와 거주,아파트,고등학교,해당없음,무직,대구-북구,대구,대한민국
3630fe9d576547faa4b2274a0a3f9dd5,"조미소 씨는 경기 화성시 경매 현장에서 깐깐한 업자들의 심리를 꿰뚫어 적정가를 제시하는 수완 좋은 상품 중개인입니다. 특유의 넉살과 빠른 상황 판단력으로 거래처 사람들의 마음을 사로잡지만, 때로는 상대의 부탁을 거절하지 못해 무리한 일정까지 떠맡는 버릇이 있습니다.",조미소 씨는 주말마다 아이의 손을 잡고 동탄 호수공원의 산책로를 천천히 걸으며 한 주 동안 쌓인 복잡한 생각들을 정리합니다. 격렬한 운동보다는 탁 트인 풍경을 보며 느릿하게 걷는 시간을 통해 정신적인 휴식과 회복을 얻습니다.,조미소 씨는 퇴근 후 침대에 누워 유튜브의 인테리어 소품 리뷰 영상을 보며 집안 분위기를 바꿀 상상을 하는 것이 가장 큰 즐거움입니다. 예쁜 소품을 발견하면 즉시 친구들과의 단톡방에 링크를 공유하며 끊임없이 수다를 떨며 일상의 스트레스를 해소합니다.,조미소 씨는 복잡한 도심을 벗어나 강원도 평창의 숲길이나 제주도의 오름 같은 고요한 자연경관을 찾아 친구들과 여행을 떠납니다. 화려한 관광 명소를 훑기보다 초록빛 나무와 푸른 바다가 보이는 조용한 장소에 머물며 멍하니 풍경을 감상하는 시간을 보냅니다.,조미소 씨는 2주에 한 번쯤 가족들과 함께 동네 갈비집에서 육즙 가득한 돼지갈비를 구워 먹으며 외식의 즐거움을 느낍니다. 일주일에 한 번은 고된 업무를 마친 뒤 집에서 바삭한 황금올리브 치킨을 배달시켜 시원한 맥주 한 잔과 함께 하루의 피로를 씻어냅니다.,"조미소 씨는 화성시 아파트에서 남편과 아이를 키우며, 아이에게 공부만 잘하는 사람보다 세상 물정에 밝고 당당한 사회인의 모습을 보여주고 싶어 합니다. 가족을 향한 책임감이 강해 주변을 세심하게 챙기지만, 정작 자신의 힘든 점은 내색하지 않고 혼자 삭이는 경향이 있습니다.","조미소 씨는 화성시에서 활동하는 수완 좋은 상품 중개인으로, 가족에 대한 책임감과 개인적인 성취욕 사이에서 균형을 잡으며 살아가는 30대 여성입니다.","화성시의 급격한 도시화 과정을 지켜보며 자라 실용적인 가치를 중요하게 생각하며, 학위보다는 현장에서 사람들과 부딪히며 익힌 눈썰미와 처세술로 사회생활의 기반을 닦았습니다.","경매 현장의 긴박한 흐름을 빠르게 읽어내어 적정 가격을 제시하고, 깐깐한 거래처 담당자들의 마음을 빠르게 사로잡는 특유의 넉살과 협상력을 갖추고 있습니다.","['물품 가치 신속하게 판단하기', '거래처 네트워크 관리', '경매 입찰 전략 수립', '다자간 이해관계 조정']","주말이면 동탄 호수공원을 천천히 거닐며 복잡한 생각을 정리하고, 퇴근 후에는 유튜브에서 최신 인테리어 소품 리뷰 영상을 보거나 친한 친구들과 단톡방에서 끊임없이 수다를 떨며 스트레스를 풉니다.","['동탄 호수공원 산책', '인테리어 소품 유튜브 시청', '동네 친구들과의 정기적인 브런치 모임', '근교 수목원 나들이']","현재의 중개 업무를 넘어 자신만의 특화된 상품 라인업을 구축해 업계에서 대체 불가능한 전문가로 인정받으며, 아이에게 부끄럽지 않은 당당한 사회인의 모습을 보여주고 싶어 합니다.",여자,31,배우자있음,비현역,배우자·자녀와 거주,아파트,고등학교,해당없음,그 외 상품 중개인 및 경매사,경기-화성시,경기,대한민국
7ab0d6ab21e342fa84da94d0034894da,"이화자 씨는 수십 년간 대가족의 끼니를 책임지고 거동이 불편한 친정어머니를 지극정성으로 보살펴온 집안의 살림꾼이자 돌봄 전문가입니다. 겉으로는 무직이라 말하지만, 집안 곳곳의 먼지를 닦아내고 가족들의 컨디션을 세밀하게 살피는 일에 있어서는 누구보다 능숙한 베테랑 관리자의 면모를 보입니다.",이화자 씨는 주말이면 자녀들의 차를 타고 수원 광교산 자락이나 외곽의 한적한 숲길을 찾아가 천천히 발걸음을 옮기며 계절의 변화를 관찰합니다. 숨이 찰 정도로 빠르게 걷기보다 길가에 핀 이름 모를 들꽃 앞에서 한참을 멈춰 서서 구경하는 느긋한 산책 방식을 즐깁니다.,"이화자 씨는 거실 소파에 앉아 유튜브로 임영웅의 노래 영상을 반복해서 시청하며, 가수가 전하는 위로의 말 한마디에 깊이 공감하며 눈시울을 붉히기도 합니다. 화려한 전시회나 공연장보다는 동네 공원의 풍경이나 가족들과 함께 찍은 빛바랜 사진첩을 넘겨보는 것에서 더 큰 정서적 충만함을 느낍니다.","이화자 씨는 자녀들이 계획한 가족 여행지에서 창밖으로 펼쳐지는 푸른 산과 강물을 멍하니 바라보는 정적인 시간을 가장 아낍니다. 낯선 곳의 유명 관광지를 바쁘게 돌아다니는 일정보다, 조용한 숲속 벤치에 앉아 자녀들이 나누는 도란도란한 대화를 듣는 것을 좋아합니다.","이화자 씨는 제철 나물을 무치고 구수한 된장찌개를 끓여내는 일에 자부심이 있으며, 가끔은 집 근처 빵집에서 갓 구워낸 달콤한 단팥빵을 사 와 가족들과 나누어 먹습니다. 일주일에 한 번 가족들과 함께하는 외식 날이면 고기집보다는 정갈한 나물 반찬이 많이 나오는 한정식집을 찾아 천천히 식사를 즐깁니다.","이화자 씨는 사별 후 홀로 남겨진 슬픔을 자녀와 친정어머니를 돌보는 헌신으로 승화시키며, 삼대 가구가 함께 사는 북적이는 집안의 중심에서 조용히 갈등을 중재합니다. 무뚝뚝한 자녀들에게는 따뜻한 밥상으로 마음을 전하고, 연로하신 어머니께는 다정한 말동무가 되어주는 집안의 든든한 버팀목입니다.","이화자 씨는 수원 권선구에서 삼대 가구의 중심축으로 살아가며, 소박한 한식 밥상과 임영웅의 노래, 가족과의 산책으로 삶의 평온을 유지하는 70대 여성입니다.","수원 권선구의 오래된 아파트 단지 주변에서 생활하며, 초등학교 졸업 후 곧바로 살림과 육아에 뛰어들어야 했던 시대적 흐름을 몸소 겪었습니다. 어머니를 모시고 자녀와 함께 사는 삼대 가구의 중심축으로서, 소란스럽지 않게 집안의 분위기를 조율하며 살아왔습니다.",오랜 시간 대가족의 식사를 책임지며 나물 무침이나 된장찌개 같은 소박하지만 깊은 맛의 한식을 정갈하게 차려냅니다. 연세 많으신 친정어머니를 수십 년간 보살펴온 덕분에 거동이 불편한 어르신을 세심히 살피는 돌봄 능력이 몸에 배어 있습니다.,"['제철 나물 무침과 밑반찬 만들기', '고령자 식단 관리 및 수발', '가족 간의 갈등을 중재하는 대화법', '효율적인 집안 살림 정리 정돈']","유튜브에서 임영웅의 노래 영상이나 건강 상식 채널을 찾아보며 시간을 보내고, 가끔 동네 빵집에서 갓 구운 단팥빵을 사 오는 작은 즐거움을 누립니다. 주말이면 자녀들의 차를 타고 가까운 수원 광교산이나 외곽의 한적한 숲길을 천천히 걸으며 풍경을 감상합니다.","['유튜브 트로트 영상 시청', '동네 목욕탕에서 즐기는 온탕욕', '주말 가족 동반 근교 숲길 산책', '동네 빵집의 신제품 빵 맛보기']",이제는 거창한 성취보다 가족들이 외식하는 날 함께 웃으며 식탁에 앉아 있는 평범한 일상을 유지하는 것에 가장 큰 가치를 둡니다. 공복혈당장애가 있는 건강 상태를 잘 관리해서 손주들이 성인이 될 때까지 든든한 버팀목으로 곁에 남고 싶어 합니다.,여자,73,사별,비현역,자녀·어머니와 거주,아파트,초등학교,해당없음,무직,경기-수원시 권선구,경기,대한민국
97519ab373194e60a88bc66a1483e325,"곽미현 씨는 대학원에서 인문학을 전공한 지적 자산이 풍부하지만 현재는 직업 없이 가사에 전념하고 있으며, 언젠가 광교 거리의 작은 공간에서 취향이 맞는 이들과 함께하는 인문학 살롱을 운영하겠다는 꿈을 꾸고 있습니다. 평소 지인들의 복잡한 고민을 논리적으로 정리해 주는 해결사 역할을 자처하며, 모임의 분위기를 주도하는 능숙한 사회성을 발휘합니다.",곽미현 씨는 주말이면 가족들의 손을 끌고 광교산 산책로를 오르거나 근교 수목원을 방문해 계절의 변화를 사진으로 담는 정적인 활동을 즐깁니다. 땀 흘리는 격렬한 운동보다는 자연 풍경을 감상하며 천천히 걷는 것을 즐겨 가벼운 등산화와 카메라를 항상 현관에 준비해 둡니다.,"곽미현 씨는 어려운 인문학 서적의 핵심을 빠르게 파악해 주변 사람들에게 쉽게 설명해 주는 것을 즐기며, 정기적인 독서 모임에서 자신의 견해를 분명하게 밝힙니다. 가끔은 논리적인 흐름에 너무 집착해 상대방의 감정적인 호소보다는 정답을 제시하려는 비판적인 모습이 튀어나오기도 합니다.","곽미현 씨는 가족과 함께 전국의 유명한 수목원이나 숲길을 찾아다니며, 특히 안개 낀 숲의 몽환적인 분위기를 카메라 렌즈에 담는 것에 몰두합니다. 여행 계획을 세밀하게 짜기보다 목적지에 도착해 그곳의 분위기에 따라 발길 닿는 대로 움직이는 유연한 여행 방식을 고수합니다.","곽미현 씨는 유튜브에서 본 이색적인 퓨전 한식 레시피를 따라 하며 주말 식탁을 화려하게 꾸미지만, 평일에는 영통구 근처의 정갈한 일식집에서 카이센동이나 소바를 즐겨 먹습니다. 배달 앱의 단골 리스트에는 동네에서 유명한 일식 전문점들이 가득하며, 가끔은 요리 과정보다 플레이팅에 더 공을 들이느라 식사 시간이 늦어지기도 합니다.","곽미현 씨는 배우자와 자녀들을 세심하게 챙기면서도 자신의 주관을 뚜렷하게 내세워 집안의 실질적인 의사결정을 주도합니다. 가족들과 함께하는 외식 시간을 통해 유대감을 쌓지만, 때로는 자녀들의 정리정돈 습관을 지적하다가도 정작 본인의 화장대 위가 어지러운 모순적인 모습을 보입니다.",곽미현 씨는 수원 영통에 거주하며 인문학적 소양과 사교성을 바탕으로 일상의 여유와 지적 성장을 동시에 추구하는 40대 후반의 여성입니다.,"수원 영통의 계획된 도시 환경 속에서 대학원까지 마친 인문학적 소양과 중년의 여유가 섞여 있습니다. 광교 호수공원 근처의 세련된 카페 거리 분위기를 즐기면서도, 오랜 시간 알고 지낸 동네 지인들과의 끈끈한 관계에서 정서적 안정감을 찾습니다.","복잡한 텍스트를 읽고 핵심을 짚어내는 능력이 탁월하며, 이를 바탕으로 주변 사람들의 고민을 논리적이면서도 유연하게 정리해 줍니다. 모임의 성격에 맞춰 대화의 흐름을 주도하고 적절한 분위기를 조성하는 사교적 기술이 능숙합니다.","['비평적 글쓰기 및 텍스트 분석', '소규모 커뮤니티 운영 및 중재', '인문학 기반의 콘텐츠 큐레이션', '상황 맞춤형 커뮤니케이션']","유튜브에서 찾은 이색적인 퓨전 한식 레시피를 따라 하며 주말 식탁을 차리고, 가족들과 함께 광교산 산책로나 근교 수목원을 찾아 계절의 변화를 사진으로 남깁니다. 평소에는 정갈한 일식당의 카이센동이나 소바 맛집을 찾아다니며 미식 경험을 쌓습니다.","['유튜브 레시피 기반 퓨전 요리', '국내 수목원 및 자연 경관 출사', '정갈한 일식 맛집 탐방', '인테리어 및 라이프스타일 영상 시청']","당장의 재취업보다는 그동안 쌓아온 전공 지식을 활용해 누구나 쉽게 접근할 수 있는 작은 인문학 살롱을 열거나, 취향이 맞는 사람들과 함께하는 느슨한 형태의 공부 모임을 만들고 싶어 합니다.",여자,49,배우자있음,비현역,배우자·자녀와 거주,주택 이외의 거처,대학원,예술·인문,무직,경기-수원시 영통구,경기,대한민국
